day,symptomatic_incidence
0,0
1,0
2,1
3,0
4,0
5,0
6,0
7,1
8,0
9,0
10,1
11,0
12,1
13,0
14,2
15,0
16,0
17,0
18,1
19,4
20,2
21,2
22,5
23,3
24,3
25,3
26,6
27,2
28,4
29,2
30,6
31,4
32,1
33,6
34,8
35,5
36,2
37,11
38,11
39,8
40,7
41,9
42,18
43,7
44,14
45,17
46,16
47,19
48,24
49,23
50,32
51,22
52,35
53,40
54,36
55,40
56,47
57,52
58,56
59,68
60,72
61,74
62,79
63,100
64,98
65,103
66,95
67,134
68,130
69,132
70,124
71,138
72,176
73,189
74,152
75,164
76,167
77,185
78,163
79,178
80,142
81,168
82,161
83,154
84,148
85,130
86,153
87,115
88,110
89,107
90,100
91,94
92,87
93,75
94,65
95,71
96,50
97,59
98,57
99,45
100,22
101,37
102,34
103,29
104,28
105,37
106,19
107,21
108,18
109,17
110,14
111,16
112,9
113,15
114,8
115,8
116,10
117,7
118,3
119,7
120,5
121,6
122,8
123,2
124,5
125,1
126,4
127,1
128,1
129,2
130,0
131,0
132,3
133,1
134,1
135,1
136,1
137,0
138,1
139,0
140,0
141,0
142,1
143,0
144,0
145,0
146,2
147,0
148,0
149,0
150,2
151,0
152,0
153,0
154,1
155,0
156,0
157,1
158,0
159,0
160,0
161,0
162,0
163,0
164,0
165,0
166,0
167,0
